"~start_node_id","~start_node_labels","~start_node_property_id","~start_node_property_type","~start_node_property_content","~relationship_type","~relationship_property_type","~end_node_id","~end_node_labels","~end_node_property_id","~end_node_property_type","~end_node_property_content"
"4:5d775a18-efe2-4213-a23a-35ad95abc8c4:64","TreeNode","4ed3a4bd-5d13-4861-b4bc-ee94b3b6269c","category","Ask Questions","HAS_CHILD","first_step","4:5d775a18-efe2-4213-a23a-35ad95abc8c4:65","TreeNode","56ad3c40-a2c4-48a5-8d29-d33613c2007f","decision_point","Is the business problem clearly defined?"
"4:5d775a18-efe2-4213-a23a-35ad95abc8c4:64","TreeNode","4ed3a4bd-5d13-4861-b4bc-ee94b3b6269c","category","Ask Questions","HAS_CHILD","next_step","4:5d775a18-efe2-4213-a23a-35ad95abc8c4:66","TreeNode","8169e2b7-e240-416e-a07e-e43a118ea4fa","category","Define project scope and success metrics"
"4:5d775a18-efe2-4213-a23a-35ad95abc8c4:65","TreeNode","56ad3c40-a2c4-48a5-8d29-d33613c2007f","decision_point","Is the business problem clearly defined?","HAS_CHILD","yes","4:5d775a18-efe2-4213-a23a-35ad95abc8c4:67","TreeNode","4773019d-b68c-40b1-b6fe-069dad0a79bb","decision_point","Are the success metrics and KPIs defined?"
"4:5d775a18-efe2-4213-a23a-35ad95abc8c4:65","TreeNode","56ad3c40-a2c4-48a5-8d29-d33613c2007f","decision_point","Is the business problem clearly defined?","HAS_CHILD","no","4:5d775a18-efe2-4213-a23a-35ad95abc8c4:68","TreeNode","8a27110c-a710-4258-b641-4f83352b9897","action","Schedule a discovery meeting with business stakeholders to define the problem."
"4:5d775a18-efe2-4213-a23a-35ad95abc8c4:66","TreeNode","8169e2b7-e240-416e-a07e-e43a118ea4fa","category","Define project scope and success metrics","HAS_CHILD","first_step","4:5d775a18-efe2-4213-a23a-35ad95abc8c4:77","TreeNode","88ee0340-a89d-48c5-b1a5-63e4605d3db1","decision_point","Have business objectives been clearly defined?"
"4:5d775a18-efe2-4213-a23a-35ad95abc8c4:66","TreeNode","8169e2b7-e240-416e-a07e-e43a118ea4fa","category","Define project scope and success metrics","HAS_CHILD","second_step","4:5d775a18-efe2-4213-a23a-35ad95abc8c4:78","TreeNode","fa77822c-25b5-4031-b38f-443004b7bfba","decision_point","Are the success metrics quantifiable and agreed upon?"
"4:5d775a18-efe2-4213-a23a-35ad95abc8c4:67","TreeNode","4773019d-b68c-40b1-b6fe-069dad0a79bb","decision_point","Are the success metrics and KPIs defined?","HAS_CHILD","yes","4:5d775a18-efe2-4213-a23a-35ad95abc8c4:69","TreeNode","77aa2f3d-a76b-4d4e-91d3-c84aa299af76","decision_point","Are all stakeholders aligned on these metrics?"
"4:5d775a18-efe2-4213-a23a-35ad95abc8c4:67","TreeNode","4773019d-b68c-40b1-b6fe-069dad0a79bb","decision_point","Are the success metrics and KPIs defined?","HAS_CHILD","no","4:5d775a18-efe2-4213-a23a-35ad95abc8c4:70","TreeNode","3327f35f-1cd5-4e69-8c83-b3743fe5207a","action","Facilitate a meeting with business owners to define and agree upon success metrics and KPIs."
"4:5d775a18-efe2-4213-a23a-35ad95abc8c4:69","TreeNode","77aa2f3d-a76b-4d4e-91d3-c84aa299af76","decision_point","Are all stakeholders aligned on these metrics?","HAS_CHILD","yes","4:5d775a18-efe2-4213-a23a-35ad95abc8c4:71","TreeNode","17875a4d-a68b-4d46-ba8a-c17ee012083e","decision_point","Is the data required to measure these KPIs available and accessible?"
"4:5d775a18-efe2-4213-a23a-35ad95abc8c4:69","TreeNode","77aa2f3d-a76b-4d4e-91d3-c84aa299af76","decision_point","Are all stakeholders aligned on these metrics?","HAS_CHILD","no","4:5d775a18-efe2-4213-a23a-35ad95abc8c4:72","TreeNode","180fe2fb-f82a-4d59-996f-43d1ef1c01e3","action","Schedule a stakeholder alignment meeting to resolve conflicting KPIs."
"4:5d775a18-efe2-4213-a23a-35ad95abc8c4:71","TreeNode","17875a4d-a68b-4d46-ba8a-c17ee012083e","decision_point","Is the data required to measure these KPIs available and accessible?","HAS_CHILD","yes","4:5d775a18-efe2-4213-a23a-35ad95abc8c4:73","TreeNode","c0b29877-5f0d-4b75-8ce4-f2a4b37ceada","action","Proceed to the Data Cleaning phase."
"4:5d775a18-efe2-4213-a23a-35ad95abc8c4:71","TreeNode","17875a4d-a68b-4d46-ba8a-c17ee012083e","decision_point","Is the data required to measure these KPIs available and accessible?","HAS_CHILD","no","4:5d775a18-efe2-4213-a23a-35ad95abc8c4:74","TreeNode","f7a347a1-c0f2-4554-aa40-228bbd7c26a4","decision_point","Can the required data be acquired through new collection or external sources?"
"4:5d775a18-efe2-4213-a23a-35ad95abc8c4:74","TreeNode","f7a347a1-c0f2-4554-aa40-228bbd7c26a4","decision_point","Can the required data be acquired through new collection or external sources?","HAS_CHILD","yes","4:5d775a18-efe2-4213-a23a-35ad95abc8c4:75","TreeNode","44b50dda-f8d2-46aa-bcbe-8700b0d38a3d","action","Initiate data acquisition process and procurement."
"4:5d775a18-efe2-4213-a23a-35ad95abc8c4:74","TreeNode","f7a347a1-c0f2-4554-aa40-228bbd7c26a4","decision_point","Can the required data be acquired through new collection or external sources?","HAS_CHILD","no","4:5d775a18-efe2-4213-a23a-35ad95abc8c4:76","TreeNode","02ef8926-4003-4eb9-ab64-50612f41ca79","action","Re-evaluate KPIs or project feasibility given the data constraints."
"4:5d775a18-efe2-4213-a23a-35ad95abc8c4:77","TreeNode","88ee0340-a89d-48c5-b1a5-63e4605d3db1","decision_point","Have business objectives been clearly defined?","HAS_CHILD","yes","4:5d775a18-efe2-4213-a23a-35ad95abc8c4:79","TreeNode","56c556af-6654-4b98-ae09-9ba45779b5a8","decision_point","Have success metrics (KPIs) been established for these objectives?"
"4:5d775a18-efe2-4213-a23a-35ad95abc8c4:77","TreeNode","88ee0340-a89d-48c5-b1a5-63e4605d3db1","decision_point","Have business objectives been clearly defined?","HAS_CHILD","no","4:5d775a18-efe2-4213-a23a-35ad95abc8c4:80","TreeNode","f3d64987-c559-458d-b3ce-2dab6972bfd6","action","Schedule a stakeholder meeting to define and document business objectives."
"4:5d775a18-efe2-4213-a23a-35ad95abc8c4:78","TreeNode","fa77822c-25b5-4031-b38f-443004b7bfba","decision_point","Are the success metrics quantifiable and agreed upon?","HAS_CHILD","yes","4:5d775a18-efe2-4213-a23a-35ad95abc8c4:89","TreeNode","9e3dc53d-9abc-4cf2-bed2-0fcc70077777","action","Proceed to identify and document data sources."
"4:5d775a18-efe2-4213-a23a-35ad95abc8c4:78","TreeNode","fa77822c-25b5-4031-b38f-443004b7bfba","decision_point","Are the success metrics quantifiable and agreed upon?","HAS_CHILD","no","4:5d775a18-efe2-4213-a23a-35ad95abc8c4:90","TreeNode","4a09acc4-acdf-47eb-8792-fc2baba32864","action","Schedule a meeting with stakeholders to finalize success metrics."
"4:5d775a18-efe2-4213-a23a-35ad95abc8c4:79","TreeNode","56c556af-6654-4b98-ae09-9ba45779b5a8","decision_point","Have success metrics (KPIs) been established for these objectives?","HAS_CHILD","no","4:5d775a18-efe2-4213-a23a-35ad95abc8c4:81","TreeNode","d55702d9-1b24-43df-86cf-7a71fd048fb9","action","Collaborate with stakeholders to define and document measurable KPIs."
"4:5d775a18-efe2-4213-a23a-35ad95abc8c4:79","TreeNode","56c556af-6654-4b98-ae09-9ba45779b5a8","decision_point","Have success metrics (KPIs) been established for these objectives?","HAS_CHILD","yes","4:5d775a18-efe2-4213-a23a-35ad95abc8c4:82","TreeNode","ba76ba20-d2e7-4bfc-88dc-a75d3062a395","decision_point","Has the data required to measure these KPIs been identified?"
"4:5d775a18-efe2-4213-a23a-35ad95abc8c4:82","TreeNode","ba76ba20-d2e7-4bfc-88dc-a75d3062a395","decision_point","Has the data required to measure these KPIs been identified?","HAS_CHILD","yes","4:5d775a18-efe2-4213-a23a-35ad95abc8c4:83","TreeNode","790dee3f-4e1d-4b2a-8145-52b82dc5d51b","decision_point","Is the identified data accessible and available for the project team?"
"4:5d775a18-efe2-4213-a23a-35ad95abc8c4:82","TreeNode","ba76ba20-d2e7-4bfc-88dc-a75d3062a395","decision_point","Has the data required to measure these KPIs been identified?","HAS_CHILD","no","4:5d775a18-efe2-4213-a23a-35ad95abc8c4:84","TreeNode","6d69b3ae-3ca4-41c6-83e7-d87ce7d4993c","action","Conduct a data discovery session to identify available sources."
"4:5d775a18-efe2-4213-a23a-35ad95abc8c4:83","TreeNode","790dee3f-4e1d-4b2a-8145-52b82dc5d51b","decision_point","Is the identified data accessible and available for the project team?","HAS_CHILD","yes","4:5d775a18-efe2-4213-a23a-35ad95abc8c4:85","TreeNode","980f5c85-3356-48e5-9e29-873a0f2ac2a2","action","Proceed to the 'Clean Data' phase of the process."
"4:5d775a18-efe2-4213-a23a-35ad95abc8c4:83","TreeNode","790dee3f-4e1d-4b2a-8145-52b82dc5d51b","decision_point","Is the identified data accessible and available for the project team?","HAS_CHILD","no","4:5d775a18-efe2-4213-a23a-35ad95abc8c4:86","TreeNode","93c071c4-9a4f-4186-b604-bd5e1a65fc8e","decision_point","Can the data be acquired through internal requests or external procurement?"
"4:5d775a18-efe2-4213-a23a-35ad95abc8c4:86","TreeNode","93c071c4-9a4f-4186-b604-bd5e1a65fc8e","decision_point","Can the data be acquired through internal requests or external procurement?","HAS_CHILD","yes","4:5d775a18-efe2-4213-a23a-35ad95abc8c4:87","TreeNode","758a832d-5639-49a9-b0fe-51e57794854d","action","Initiate data procurement and acquisition process."
"4:5d775a18-efe2-4213-a23a-35ad95abc8c4:86","TreeNode","93c071c4-9a4f-4186-b604-bd5e1a65fc8e","decision_point","Can the data be acquired through internal requests or external procurement?","HAS_CHILD","no","4:5d775a18-efe2-4213-a23a-35ad95abc8c4:88","TreeNode","9ba89c6a-8be8-425a-b574-dc2460eebe06","action","Re-evaluate project KPIs and scope based on available data."
"4:5d775a18-efe2-4213-a23a-35ad95abc8c4:91","TreeNode","a23a3402-d3cb-4466-9c3e-7153b278d5c2","category","Clean Data","HAS_CHILD","subcategory","4:5d775a18-efe2-4213-a23a-35ad95abc8c4:92","TreeNode","5540bb2d-51b1-41a5-a05b-98489926d534","category","Handling Missing Values"
"4:5d775a18-efe2-4213-a23a-35ad95abc8c4:91","TreeNode","a23a3402-d3cb-4466-9c3e-7153b278d5c2","category","Clean Data","HAS_CHILD","subcategory","4:5d775a18-efe2-4213-a23a-35ad95abc8c4:93","TreeNode","3656840f-8d3d-43cb-b53c-2cab64a3f0ea","category","Outlier Detection and Treatment"
"4:5d775a18-efe2-4213-a23a-35ad95abc8c4:92","TreeNode","5540bb2d-51b1-41a5-a05b-98489926d534","category","Handling Missing Values","HAS_CHILD","analyze","4:5d775a18-efe2-4213-a23a-35ad95abc8c4:94","TreeNode","85af0b9a-4aec-47d8-b201-007b998b60a1","decision_point","Is the percentage of missing values high (e.g., > 50%)?"
"4:5d775a18-efe2-4213-a23a-35ad95abc8c4:92","TreeNode","5540bb2d-51b1-41a5-a05b-98489926d534","category","Handling Missing Values","HAS_CHILD","no","4:5d775a18-efe2-4213-a23a-35ad95abc8c4:95","TreeNode","c3821fbd-936e-46c6-89a2-724efb223304","decision_point","Is the missing data numerical?"
"4:5d775a18-efe2-4213-a23a-35ad95abc8c4:93","TreeNode","3656840f-8d3d-43cb-b53c-2cab64a3f0ea","category","Outlier Detection and Treatment","HAS_CHILD","start","4:5d775a18-efe2-4213-a23a-35ad95abc8c4:108","TreeNode","109db289-3bfd-4efa-a2da-13f0eff1614a","decision_point","Have outliers already been detected?"
"4:5d775a18-efe2-4213-a23a-35ad95abc8c4:93","TreeNode","3656840f-8d3d-43cb-b53c-2cab64a3f0ea","category","Outlier Detection and Treatment","HAS_CHILD","no","4:5d775a18-efe2-4213-a23a-35ad95abc8c4:109","TreeNode","1e4ca820-42a4-4e35-bb98-c0315c6512bc","category","Detection Methods"
"4:5d775a18-efe2-4213-a23a-35ad95abc8c4:93","TreeNode","3656840f-8d3d-43cb-b53c-2cab64a3f0ea","category","Outlier Detection and Treatment","HAS_CHILD","yes","4:5d775a18-efe2-4213-a23a-35ad95abc8c4:110","TreeNode","6b532f84-693f-4ff3-b253-91a83aab3b3f","category","Treatment Strategies"
"4:5d775a18-efe2-4213-a23a-35ad95abc8c4:94","TreeNode","85af0b9a-4aec-47d8-b201-007b998b60a1","decision_point","Is the percentage of missing values high (e.g., > 50%)?","HAS_CHILD","yes","4:5d775a18-efe2-4213-a23a-35ad95abc8c4:96","TreeNode","2c56001f-d377-42c3-89de-5d308c839590","action","Drop the column from the dataset"
"4:5d775a18-efe2-4213-a23a-35ad95abc8c4:94","TreeNode","85af0b9a-4aec-47d8-b201-007b998b60a1","decision_point","Is the percentage of missing values high (e.g., > 50%)?","HAS_CHILD","no","4:5d775a18-efe2-4213-a23a-35ad95abc8c4:97","TreeNode","c8485b6b-52aa-4270-b9d8-c73641eb6f19","decision_point","Is the data numerical?"
"4:5d775a18-efe2-4213-a23a-35ad95abc8c4:95","TreeNode","c3821fbd-936e-46c6-89a2-724efb223304","decision_point","Is the missing data numerical?","HAS_CHILD","yes","4:5d775a18-efe2-4213-a23a-35ad95abc8c4:102","TreeNode","d806e190-19b5-4278-aefb-bb72e5959af3","decision_point","Is the data normally distributed?"
"4:5d775a18-efe2-4213-a23a-35ad95abc8c4:95","TreeNode","c3821fbd-936e-46c6-89a2-724efb223304","decision_point","Is the missing data numerical?","HAS_CHILD","no","4:5d775a18-efe2-4213-a23a-35ad95abc8c4:103","TreeNode","f0291ef9-fd04-4bb7-98e8-6617bcda34c4","decision_point","Is there a dominant category?"
"4:5d775a18-efe2-4213-a23a-35ad95abc8c4:97","TreeNode","c8485b6b-52aa-4270-b9d8-c73641eb6f19","decision_point","Is the data numerical?","HAS_CHILD","yes","4:5d775a18-efe2-4213-a23a-35ad95abc8c4:98","TreeNode","c6e7a613-c0cf-4aa2-93f2-1b83eb932a7c","decision_point","Are there significant outliers in the distribution?"
"4:5d775a18-efe2-4213-a23a-35ad95abc8c4:97","TreeNode","c8485b6b-52aa-4270-b9d8-c73641eb6f19","decision_point","Is the data numerical?","HAS_CHILD","no","4:5d775a18-efe2-4213-a23a-35ad95abc8c4:99","TreeNode","08314a33-72d7-4ae6-be11-8d9cc83430b6","action","Impute missing values using the mode or create a separate 'Missing' category."
"4:5d775a18-efe2-4213-a23a-35ad95abc8c4:98","TreeNode","c6e7a613-c0cf-4aa2-93f2-1b83eb932a7c","decision_point","Are there significant outliers in the distribution?","HAS_CHILD","no","4:5d775a18-efe2-4213-a23a-35ad95abc8c4:100","TreeNode","ff2fff57-bce7-4369-991b-b9a1a6101520","action","Perform mean imputation"
"4:5d775a18-efe2-4213-a23a-35ad95abc8c4:98","TreeNode","c6e7a613-c0cf-4aa2-93f2-1b83eb932a7c","decision_point","Are there significant outliers in the distribution?","HAS_CHILD","yes","4:5d775a18-efe2-4213-a23a-35ad95abc8c4:101","TreeNode","9388b020-d20d-49fe-9cf1-62fed3bc3895","action","Perform median imputation"
"4:5d775a18-efe2-4213-a23a-35ad95abc8c4:102","TreeNode","d806e190-19b5-4278-aefb-bb72e5959af3","decision_point","Is the data normally distributed?","HAS_CHILD","yes","4:5d775a18-efe2-4213-a23a-35ad95abc8c4:104","TreeNode","ef82120e-2172-42be-8606-0e91f00aa980","action","Impute missing values using the Mean."
"4:5d775a18-efe2-4213-a23a-35ad95abc8c4:102","TreeNode","d806e190-19b5-4278-aefb-bb72e5959af3","decision_point","Is the data normally distributed?","HAS_CHILD","no","4:5d775a18-efe2-4213-a23a-35ad95abc8c4:105","TreeNode","70ecd2dc-904a-4e6d-84af-a7172a8acb1a","action","Impute missing values using the Median."
"4:5d775a18-efe2-4213-a23a-35ad95abc8c4:103","TreeNode","f0291ef9-fd04-4bb7-98e8-6617bcda34c4","decision_point","Is there a dominant category?","HAS_CHILD","yes","4:5d775a18-efe2-4213-a23a-35ad95abc8c4:106","TreeNode","ba80d422-f6b4-4324-8f95-f2b9b993fe42","action","Impute missing values with the mode"
"4:5d775a18-efe2-4213-a23a-35ad95abc8c4:103","TreeNode","f0291ef9-fd04-4bb7-98e8-6617bcda34c4","decision_point","Is there a dominant category?","HAS_CHILD","no","4:5d775a18-efe2-4213-a23a-35ad95abc8c4:107","TreeNode","4d26d613-a9b9-45d8-8b31-fed48fc7a91c","action","Label missing values as 'Unknown' or 'Other'"
"4:5d775a18-efe2-4213-a23a-35ad95abc8c4:108","TreeNode","109db289-3bfd-4efa-a2da-13f0eff1614a","decision_point","Have outliers already been detected?","HAS_CHILD","yes","4:5d775a18-efe2-4213-a23a-35ad95abc8c4:111","TreeNode","bd5f534e-57e1-4918-980d-512d727d14b1","decision_point","Are the outliers erroneous or invalid data points?"
"4:5d775a18-efe2-4213-a23a-35ad95abc8c4:108","TreeNode","109db289-3bfd-4efa-a2da-13f0eff1614a","decision_point","Have outliers already been detected?","HAS_CHILD","no","4:5d775a18-efe2-4213-a23a-35ad95abc8c4:112","TreeNode","dcd0edfe-d72f-48a7-9d4a-8e3fac4f2a13","action","Apply detection methods such as Z-score or Interquartile Range (IQR) to identify outliers."
"4:5d775a18-efe2-4213-a23a-35ad95abc8c4:109","TreeNode","1e4ca820-42a4-4e35-bb98-c0315c6512bc","category","Detection Methods","HAS_CHILD","statistical","4:5d775a18-efe2-4213-a23a-35ad95abc8c4:119","TreeNode","db4cdedb-306e-494d-ac9c-1015fd76aa0a","category","Statistical Methods (e.g., Z-Score, IQR)"
"4:5d775a18-efe2-4213-a23a-35ad95abc8c4:109","TreeNode","1e4ca820-42a4-4e35-bb98-c0315c6512bc","category","Detection Methods","HAS_CHILD","visual","4:5d775a18-efe2-4213-a23a-35ad95abc8c4:120","TreeNode","2dc88ed8-3cec-43e4-87f2-4f0f841451bb","category","Visualization Methods (e.g., Boxplots, Scatter plots)"
"4:5d775a18-efe2-4213-a23a-35ad95abc8c4:109","TreeNode","1e4ca820-42a4-4e35-bb98-c0315c6512bc","category","Detection Methods","HAS_CHILD","algorithmic","4:5d775a18-efe2-4213-a23a-35ad95abc8c4:121","TreeNode","faef0071-13a2-4e2a-8ed7-dc1e59b57758","category","Algorithmic Methods (e.g., Isolation Forest, Local Outlier Factor)"
"4:5d775a18-efe2-4213-a23a-35ad95abc8c4:110","TreeNode","6b532f84-693f-4ff3-b253-91a83aab3b3f","category","Treatment Strategies","HAS_CHILD","option","4:5d775a18-efe2-4213-a23a-35ad95abc8c4:141","TreeNode","03d508e2-2c61-4c02-8b55-abafd4398a7f","decision_point","Is the outlier a result of a data entry or measurement error?"
"4:5d775a18-efe2-4213-a23a-35ad95abc8c4:110","TreeNode","6b532f84-693f-4ff3-b253-91a83aab3b3f","category","Treatment Strategies","HAS_CHILD","option","4:5d775a18-efe2-4213-a23a-35ad95abc8c4:142","TreeNode","2fe006f0-42bf-4303-ad9d-68d641140811","decision_point","Is the outlier a legitimate extreme value of the population?"
"4:5d775a18-efe2-4213-a23a-35ad95abc8c4:111","TreeNode","bd5f534e-57e1-4918-980d-512d727d14b1","decision_point","Are the outliers erroneous or invalid data points?","HAS_CHILD","yes","4:5d775a18-efe2-4213-a23a-35ad95abc8c4:113","TreeNode","2b258b8d-9d0c-4e47-8a97-a65d7e4a3076","action","Remove or correct the erroneous data points."
"4:5d775a18-efe2-4213-a23a-35ad95abc8c4:111","TreeNode","bd5f534e-57e1-4918-980d-512d727d14b1","decision_point","Are the outliers erroneous or invalid data points?","HAS_CHILD","no","4:5d775a18-efe2-4213-a23a-35ad95abc8c4:114","TreeNode","46aaf2c7-c2af-4902-ba14-fa528df068b9","decision_point","Do the outliers significantly skew the distribution or model performance?"
"4:5d775a18-efe2-4213-a23a-35ad95abc8c4:114","TreeNode","46aaf2c7-c2af-4902-ba14-fa528df068b9","decision_point","Do the outliers significantly skew the distribution or model performance?","HAS_CHILD","yes","4:5d775a18-efe2-4213-a23a-35ad95abc8c4:115","TreeNode","4aef856a-91b4-4284-931f-86818eb34ef6","decision_point","Can the outliers be capped or transformed rather than removed?"
"4:5d775a18-efe2-4213-a23a-35ad95abc8c4:114","TreeNode","46aaf2c7-c2af-4902-ba14-fa528df068b9","decision_point","Do the outliers significantly skew the distribution or model performance?","HAS_CHILD","no","4:5d775a18-efe2-4213-a23a-35ad95abc8c4:116","TreeNode","6372c91b-77ca-4792-aab3-0c9f61d65761","action","Retain the outliers in the dataset."
"4:5d775a18-efe2-4213-a23a-35ad95abc8c4:115","TreeNode","4aef856a-91b4-4284-931f-86818eb34ef6","decision_point","Can the outliers be capped or transformed rather than removed?","HAS_CHILD","yes","4:5d775a18-efe2-4213-a23a-35ad95abc8c4:117","TreeNode","abf27289-6106-4046-888c-8b0148b8a73a","action","Apply capping (Winsorization) or transformation (e.g., Log, Box-Cox) to handle outliers."
"4:5d775a18-efe2-4213-a23a-35ad95abc8c4:115","TreeNode","4aef856a-91b4-4284-931f-86818eb34ef6","decision_point","Can the outliers be capped or transformed rather than removed?","HAS_CHILD","no","4:5d775a18-efe2-4213-a23a-35ad95abc8c4:118","TreeNode","f92c1287-b115-41e2-9422-491092e30970","action","Remove the outliers from the dataset."
"4:5d775a18-efe2-4213-a23a-35ad95abc8c4:119","TreeNode","db4cdedb-306e-494d-ac9c-1015fd76aa0a","category","Statistical Methods (e.g., Z-Score, IQR)","HAS_CHILD","selection","4:5d775a18-efe2-4213-a23a-35ad95abc8c4:122","TreeNode","c19e55b4-53c7-4d00-b106-eecd28b98ed2","decision_point","Is the data normally distributed?"
"4:5d775a18-efe2-4213-a23a-35ad95abc8c4:119","TreeNode","db4cdedb-306e-494d-ac9c-1015fd76aa0a","category","Statistical Methods (e.g., Z-Score, IQR)","HAS_CHILD","evaluation","4:5d775a18-efe2-4213-a23a-35ad95abc8c4:123","TreeNode","4a9935f0-2672-42ca-a637-a3cdd4cc38ba","decision_point","Are the outliers likely due to measurement error?"
"4:5d775a18-efe2-4213-a23a-35ad95abc8c4:120","TreeNode","2dc88ed8-3cec-43e4-87f2-4f0f841451bb","category","Visualization Methods (e.g., Boxplots, Scatter plots)","HAS_CHILD","assessment","4:5d775a18-efe2-4213-a23a-35ad95abc8c4:130","TreeNode","b609b841-66a9-4156-b750-8c3361ede5fd","decision_point","Are the outliers clearly identifiable in the visualizations?"
"4:5d775a18-efe2-4213-a23a-35ad95abc8c4:120","TreeNode","2dc88ed8-3cec-43e4-87f2-4f0f841451bb","category","Visualization Methods (e.g., Boxplots, Scatter plots)","HAS_CHILD","ambiguous","4:5d775a18-efe2-4213-a23a-35ad95abc8c4:131","TreeNode","cde112b3-e141-4f1a-b131-d20425848098","action","Utilize Statistical Detection Methods (e.g., Z-score, IQR)"
"4:5d775a18-efe2-4213-a23a-35ad95abc8c4:121","TreeNode","faef0071-13a2-4e2a-8ed7-dc1e59b57758","category","Algorithmic Methods (e.g., Isolation Forest, Local Outlier Factor)","HAS_CHILD","selection","4:5d775a18-efe2-4213-a23a-35ad95abc8c4:136","TreeNode","c88fb701-02fe-4bc4-8d64-8d158ebc438b","decision_point","Is the dataset high-dimensional?"
"4:5d775a18-efe2-4213-a23a-35ad95abc8c4:122","TreeNode","c19e55b4-53c7-4d00-b106-eecd28b98ed2","decision_point","Is the data normally distributed?","HAS_CHILD","yes","4:5d775a18-efe2-4213-a23a-35ad95abc8c4:124","TreeNode","3168cd0a-0341-4b60-aad4-6746f24cda54","action","Apply Z-Score Method for outlier detection"
"4:5d775a18-efe2-4213-a23a-35ad95abc8c4:122","TreeNode","c19e55b4-53c7-4d00-b106-eecd28b98ed2","decision_point","Is the data normally distributed?","HAS_CHILD","no","4:5d775a18-efe2-4213-a23a-35ad95abc8c4:125","TreeNode","1c5ba883-a9e0-4262-a08c-7b37921cf2ed","action","Apply Interquartile Range (IQR) Method for outlier detection"
"4:5d775a18-efe2-4213-a23a-35ad95abc8c4:123","TreeNode","4a9935f0-2672-42ca-a637-a3cdd4cc38ba","decision_point","Are the outliers likely due to measurement error?","HAS_CHILD","yes","4:5d775a18-efe2-4213-a23a-35ad95abc8c4:126","TreeNode","da2a8549-311f-4366-b482-bf779d78b380","action","Remove the outlier records from the dataset or correct them if the source data is available."
"4:5d775a18-efe2-4213-a23a-35ad95abc8c4:123","TreeNode","4a9935f0-2672-42ca-a637-a3cdd4cc38ba","decision_point","Are the outliers likely due to measurement error?","HAS_CHILD","no","4:5d775a18-efe2-4213-a23a-35ad95abc8c4:127","TreeNode","74892b63-835e-4e52-a45f-b45ce02d105e","decision_point","Do the outliers represent legitimate, though rare, observations in the population?"
"4:5d775a18-efe2-4213-a23a-35ad95abc8c4:127","TreeNode","74892b63-835e-4e52-a45f-b45ce02d105e","decision_point","Do the outliers represent legitimate, though rare, observations in the population?","HAS_CHILD","yes","4:5d775a18-efe2-4213-a23a-35ad95abc8c4:128","TreeNode","766fbc52-49be-4cdd-9b79-943b50bad01e","action","Retain the observations and use robust statistics (e.g., median, IQR) or perform a separate analysis for these extreme values."
"4:5d775a18-efe2-4213-a23a-35ad95abc8c4:127","TreeNode","74892b63-835e-4e52-a45f-b45ce02d105e","decision_point","Do the outliers represent legitimate, though rare, observations in the population?","HAS_CHILD","no","4:5d775a18-efe2-4213-a23a-35ad95abc8c4:129","TreeNode","fc9b7a47-9642-4b00-a835-8bf9ee2db942","action","Apply treatment to the outliers, such as Winsorization, trimming, or applying a mathematical transformation (e.g., log transform) to reduce their influence."
"4:5d775a18-efe2-4213-a23a-35ad95abc8c4:130","TreeNode","b609b841-66a9-4156-b750-8c3361ede5fd","decision_point","Are the outliers clearly identifiable in the visualizations?","HAS_CHILD","yes","4:5d775a18-efe2-4213-a23a-35ad95abc8c4:132","TreeNode","3684825a-be78-4e7f-accc-98c2d1c4e1f5","category","Proceed to Outlier Treatment"
"4:5d775a18-efe2-4213-a23a-35ad95abc8c4:130","TreeNode","b609b841-66a9-4156-b750-8c3361ede5fd","decision_point","Are the outliers clearly identifiable in the visualizations?","HAS_CHILD","no","4:5d775a18-efe2-4213-a23a-35ad95abc8c4:133","TreeNode","e26086a5-6c18-4175-a1f6-7fb1ec38b68c","action","Apply Statistical Detection Methods (e.g., Z-score, IQR)"
"4:5d775a18-efe2-4213-a23a-35ad95abc8c4:132","TreeNode","3684825a-be78-4e7f-accc-98c2d1c4e1f5","category","Proceed to Outlier Treatment","HAS_CHILD","erroneous_data","4:5d775a18-efe2-4213-a23a-35ad95abc8c4:134","TreeNode","780cdef8-17e0-4e7a-b5ee-fe013f11df2a","action","Remove or correct the outlier values (if caused by data entry or measurement error)"
"4:5d775a18-efe2-4213-a23a-35ad95abc8c4:132","TreeNode","3684825a-be78-4e7f-accc-98c2d1c4e1f5","category","Proceed to Outlier Treatment","HAS_CHILD","natural_variation","4:5d775a18-efe2-4213-a23a-35ad95abc8c4:135","TreeNode","36864820-ca6a-403c-a8d4-7f16c446e0f6","action","Apply transformations (e.g., Log) or retain the values (if they represent legitimate natural variation)"
"4:5d775a18-efe2-4213-a23a-35ad95abc8c4:136","TreeNode","c88fb701-02fe-4bc4-8d64-8d158ebc438b","decision_point","Is the dataset high-dimensional?","HAS_CHILD","yes","4:5d775a18-efe2-4213-a23a-35ad95abc8c4:137","TreeNode","0f285681-52be-4800-bc1d-79375bd0d698","action","Apply Isolation Forest or high-dimensional specific algorithms"
"4:5d775a18-efe2-4213-a23a-35ad95abc8c4:136","TreeNode","c88fb701-02fe-4bc4-8d64-8d158ebc438b","decision_point","Is the dataset high-dimensional?","HAS_CHILD","no","4:5d775a18-efe2-4213-a23a-35ad95abc8c4:138","TreeNode","53abec66-82af-4732-91f8-cd246b654f4b","decision_point","Is the data normally distributed?"
"4:5d775a18-efe2-4213-a23a-35ad95abc8c4:138","TreeNode","53abec66-82af-4732-91f8-cd246b654f4b","decision_point","Is the data normally distributed?","HAS_CHILD","yes","4:5d775a18-efe2-4213-a23a-35ad95abc8c4:139","TreeNode","1800008c-7c62-4e4b-a732-c1aa2989c495","action","Use Z-score method to identify and treat outliers"
"4:5d775a18-efe2-4213-a23a-35ad95abc8c4:138","TreeNode","53abec66-82af-4732-91f8-cd246b654f4b","decision_point","Is the data normally distributed?","HAS_CHILD","no","4:5d775a18-efe2-4213-a23a-35ad95abc8c4:140","TreeNode","34d6f43f-dbde-475c-a2d3-a1235b4f352c","action","Use Interquartile Range (IQR) method to identify and treat outliers"
"4:5d775a18-efe2-4213-a23a-35ad95abc8c4:141","TreeNode","03d508e2-2c61-4c02-8b55-abafd4398a7f","decision_point","Is the outlier a result of a data entry or measurement error?","HAS_CHILD","yes","4:5d775a18-efe2-4213-a23a-35ad95abc8c4:143","TreeNode","1e6a5dfa-e46d-42b4-836c-cde3e796ee58","action","Correct the data point using the source record or remove/impute the record if the correct value is unavailable."
"4:5d775a18-efe2-4213-a23a-35ad95abc8c4:141","TreeNode","03d508e2-2c61-4c02-8b55-abafd4398a7f","decision_point","Is the outlier a result of a data entry or measurement error?","HAS_CHILD","no","4:5d775a18-efe2-4213-a23a-35ad95abc8c4:144","TreeNode","6a462c73-8279-4a11-9cc6-dc0afbea839a","decision_point","Is the outlier a natural, valid variation of the data?"
"4:5d775a18-efe2-4213-a23a-35ad95abc8c4:142","TreeNode","2fe006f0-42bf-4303-ad9d-68d641140811","decision_point","Is the outlier a legitimate extreme value of the population?","HAS_CHILD","yes","4:5d775a18-efe2-4213-a23a-35ad95abc8c4:149","TreeNode","7948accf-4ac3-43f2-a62e-f31c3305e7fe","action","Retain the outlier as a legitimate data point."
"4:5d775a18-efe2-4213-a23a-35ad95abc8c4:142","TreeNode","2fe006f0-42bf-4303-ad9d-68d641140811","decision_point","Is the outlier a legitimate extreme value of the population?","HAS_CHILD","no","4:5d775a18-efe2-4213-a23a-35ad95abc8c4:150","TreeNode","c58ff02a-9746-4a3c-a41f-fb7abc49a240","decision_point","Is the data volume large enough to remove the record without losing significant information?"
"4:5d775a18-efe2-4213-a23a-35ad95abc8c4:144","TreeNode","6a462c73-8279-4a11-9cc6-dc0afbea839a","decision_point","Is the outlier a natural, valid variation of the data?","HAS_CHILD","yes","4:5d775a18-efe2-4213-a23a-35ad95abc8c4:145","TreeNode","d31b04b5-dea9-4041-bbb5-571af71828f2","action","Retain the outlier as a legitimate observation."
"4:5d775a18-efe2-4213-a23a-35ad95abc8c4:144","TreeNode","6a462c73-8279-4a11-9cc6-dc0afbea839a","decision_point","Is the outlier a natural, valid variation of the data?","HAS_CHILD","no","4:5d775a18-efe2-4213-a23a-35ad95abc8c4:146","TreeNode","40664f71-d84e-4343-addb-9a415c80798e","decision_point","Does the outlier significantly skew the analysis results?"
"4:5d775a18-efe2-4213-a23a-35ad95abc8c4:146","TreeNode","40664f71-d84e-4343-addb-9a415c80798e","decision_point","Does the outlier significantly skew the analysis results?","HAS_CHILD","no","4:5d775a18-efe2-4213-a23a-35ad95abc8c4:147","TreeNode","ad0f4bd1-a723-4840-a3a5-f03ea501db62","action","Keep the outlier in the dataset."
"4:5d775a18-efe2-4213-a23a-35ad95abc8c4:146","TreeNode","40664f71-d84e-4343-addb-9a415c80798e","decision_point","Does the outlier significantly skew the analysis results?","HAS_CHILD","yes","4:5d775a18-efe2-4213-a23a-35ad95abc8c4:148","TreeNode","e935f4f8-79c0-4d9b-8afc-fc138d0a2934","action","Apply data transformation (e.g., Log transform) or Winsorization to mitigate the impact of the outlier."
"4:5d775a18-efe2-4213-a23a-35ad95abc8c4:150","TreeNode","c58ff02a-9746-4a3c-a41f-fb7abc49a240","decision_point","Is the data volume large enough to remove the record without losing significant information?","HAS_CHILD","yes","4:5d775a18-efe2-4213-a23a-35ad95abc8c4:151","TreeNode","3145d3d2-d754-49bb-a9bd-f4563554edef","action","Remove the outlier record from the dataset."
"4:5d775a18-efe2-4213-a23a-35ad95abc8c4:150","TreeNode","c58ff02a-9746-4a3c-a41f-fb7abc49a240","decision_point","Is the data volume large enough to remove the record without losing significant information?","HAS_CHILD","no","4:5d775a18-efe2-4213-a23a-35ad95abc8c4:152","TreeNode","9e6c6e79-9015-41cb-94e4-c072789a99a0","decision_point","Is it appropriate to use a capping/flooring technique (Winsorization) to limit the outlier's influence?"
"4:5d775a18-efe2-4213-a23a-35ad95abc8c4:152","TreeNode","9e6c6e79-9015-41cb-94e4-c072789a99a0","decision_point","Is it appropriate to use a capping/flooring technique (Winsorization) to limit the outlier's influence?","HAS_CHILD","yes","4:5d775a18-efe2-4213-a23a-35ad95abc8c4:153","TreeNode","402a7210-3fc4-42eb-b76b-f3f26a556c3b","action","Apply Winsorization by capping values at a predefined percentile (e.g., 5th and 95th) to reduce the influence of extreme values."
"4:5d775a18-efe2-4213-a23a-35ad95abc8c4:152","TreeNode","9e6c6e79-9015-41cb-94e4-c072789a99a0","decision_point","Is it appropriate to use a capping/flooring technique (Winsorization) to limit the outlier's influence?","HAS_CHILD","no","4:5d775a18-efe2-4213-a23a-35ad95abc8c4:154","TreeNode","97f92854-31e3-4aa3-9375-3440f7b64fc9","action","Impute the outlier value using a robust statistic such as the median or a K-Nearest Neighbors (KNN) approach to maintain data integrity."
"4:5d775a18-efe2-4213-a23a-35ad95abc8c4:155","TreeNode","b3c4454a-0019-4ced-b7b5-f0002678025d","category","Analyze Data","HAS_CHILD","subcategory","4:5d775a18-efe2-4213-a23a-35ad95abc8c4:156","TreeNode","d3d4bd46-1836-4d72-a2ef-7313eaff7077","category","Exploratory Data Analysis (EDA)"
"4:5d775a18-efe2-4213-a23a-35ad95abc8c4:155","TreeNode","b3c4454a-0019-4ced-b7b5-f0002678025d","category","Analyze Data","HAS_CHILD","subcategory","4:5d775a18-efe2-4213-a23a-35ad95abc8c4:157","TreeNode","2fa04308-d6c7-4e5c-b9f2-1382cc35a571","category","Inferential Statistical Analysis"
"4:5d775a18-efe2-4213-a23a-35ad95abc8c4:155","TreeNode","b3c4454a-0019-4ced-b7b5-f0002678025d","category","Analyze Data","HAS_CHILD","subcategory","4:5d775a18-efe2-4213-a23a-35ad95abc8c4:158","TreeNode","d46ad53e-1223-4bee-bfb7-21de245de50e","category","Predictive Modeling"
"4:5d775a18-efe2-4213-a23a-35ad95abc8c4:156","TreeNode","d3d4bd46-1836-4d72-a2ef-7313eaff7077","category","Exploratory Data Analysis (EDA)","HAS_CHILD","step_1","4:5d775a18-efe2-4213-a23a-35ad95abc8c4:159","TreeNode","e7ea5ff0-bdd8-4ee0-850b-2c5c61f5a84d","decision_point","Do you need to assess data quality (missing values, outliers)?"
"4:5d775a18-efe2-4213-a23a-35ad95abc8c4:156","TreeNode","d3d4bd46-1836-4d72-a2ef-7313eaff7077","category","Exploratory Data Analysis (EDA)","HAS_CHILD","step_2","4:5d775a18-efe2-4213-a23a-35ad95abc8c4:160","TreeNode","028f8890-269b-4f05-820e-2c52d46111da","decision_point","Do you need to examine feature distributions and correlations?"
"4:5d775a18-efe2-4213-a23a-35ad95abc8c4:157","TreeNode","2fa04308-d6c7-4e5c-b9f2-1382cc35a571","category","Inferential Statistical Analysis","HAS_CHILD","analysis_type","4:5d775a18-efe2-4213-a23a-35ad95abc8c4:177","TreeNode","d82f99b2-ad8a-42c1-8874-8e91775c15e8","decision_point","Are the variables normally distributed?"
"4:5d775a18-efe2-4213-a23a-35ad95abc8c4:157","TreeNode","2fa04308-d6c7-4e5c-b9f2-1382cc35a571","category","Inferential Statistical Analysis","HAS_CHILD","yes","4:5d775a18-efe2-4213-a23a-35ad95abc8c4:178","TreeNode","6d139b6c-480c-4891-a8ee-02aeb7ad2134","category","Parametric Tests (e.g., t-test, ANOVA)"
"4:5d775a18-efe2-4213-a23a-35ad95abc8c4:157","TreeNode","2fa04308-d6c7-4e5c-b9f2-1382cc35a571","category","Inferential Statistical Analysis","HAS_CHILD","no","4:5d775a18-efe2-4213-a23a-35ad95abc8c4:179","TreeNode","2b329a39-e134-4607-bc41-effe6f96e6f1","category","Non-parametric Tests (e.g., Mann-Whitney U, Kruskal-Wallis)"
"4:5d775a18-efe2-4213-a23a-35ad95abc8c4:159","TreeNode","e7ea5ff0-bdd8-4ee0-850b-2c5c61f5a84d","decision_point","Do you need to assess data quality (missing values, outliers)?","HAS_CHILD","yes","4:5d775a18-efe2-4213-a23a-35ad95abc8c4:161","TreeNode","e8a8b912-a4fc-4d7c-9bb0-fbf564d62ef7","action","Perform data profiling and generate a summary report of missing values and outliers."
"4:5d775a18-efe2-4213-a23a-35ad95abc8c4:159","TreeNode","e7ea5ff0-bdd8-4ee0-850b-2c5c61f5a84d","decision_point","Do you need to assess data quality (missing values, outliers)?","HAS_CHILD","no","4:5d775a18-efe2-4213-a23a-35ad95abc8c4:162","TreeNode","22990513-b196-4c18-9144-faa0ee84e408","decision_point","Do you need to analyze the distribution of individual variables?"
"4:5d775a18-efe2-4213-a23a-35ad95abc8c4:160","TreeNode","028f8890-269b-4f05-820e-2c52d46111da","decision_point","Do you need to examine feature distributions and correlations?","HAS_CHILD","yes","4:5d775a18-efe2-4213-a23a-35ad95abc8c4:169","TreeNode","894bcf2a-7ea9-4a27-a97d-6f4d08b2180f","action","Create histograms, density plots, and a correlation matrix (heatmap) to identify patterns and relationships."
"4:5d775a18-efe2-4213-a23a-35ad95abc8c4:160","TreeNode","028f8890-269b-4f05-820e-2c52d46111da","decision_point","Do you need to examine feature distributions and correlations?","HAS_CHILD","no","4:5d775a18-efe2-4213-a23a-35ad95abc8c4:170","TreeNode","5d9fc8ab-d627-426b-b5e1-58c3e638d3b1","decision_point","Do you need to check for missing values or outliers?"
"4:5d775a18-efe2-4213-a23a-35ad95abc8c4:162","TreeNode","22990513-b196-4c18-9144-faa0ee84e408","decision_point","Do you need to analyze the distribution of individual variables?","HAS_CHILD","yes","4:5d775a18-efe2-4213-a23a-35ad95abc8c4:163","TreeNode","b7069699-4f23-4427-b61f-1c9dcc2830fd","action","Create histograms and boxplots to visualize variable distributions"
"4:5d775a18-efe2-4213-a23a-35ad95abc8c4:162","TreeNode","22990513-b196-4c18-9144-faa0ee84e408","decision_point","Do you need to analyze the distribution of individual variables?","HAS_CHILD","no","4:5d775a18-efe2-4213-a23a-35ad95abc8c4:164","TreeNode","2f77b3d7-7527-4ff4-a5c9-3e3981aa6924","decision_point","Do you need to analyze relationships between two or more variables (Bivariate/Multivariate Analysis)?"
"4:5d775a18-efe2-4213-a23a-35ad95abc8c4:164","TreeNode","2f77b3d7-7527-4ff4-a5c9-3e3981aa6924","decision_point","Do you need to analyze relationships between two or more variables (Bivariate/Multivariate Analysis)?","HAS_CHILD","yes","4:5d775a18-efe2-4213-a23a-35ad95abc8c4:165","TreeNode","831a0bc0-bf17-4b32-9853-fc8713eab61d","decision_point","Are the variables primarily numeric?"
"4:5d775a18-efe2-4213-a23a-35ad95abc8c4:164","TreeNode","2f77b3d7-7527-4ff4-a5c9-3e3981aa6924","decision_point","Do you need to analyze relationships between two or more variables (Bivariate/Multivariate Analysis)?","HAS_CHILD","no","4:5d775a18-efe2-4213-a23a-35ad95abc8c4:166","TreeNode","f13d4a3a-b7c1-490d-bbc4-e7d6197cf400","action","Proceed to the next stage of the data science process (e.g., Model Selection)."
"4:5d775a18-efe2-4213-a23a-35ad95abc8c4:165","TreeNode","831a0bc0-bf17-4b32-9853-fc8713eab61d","decision_point","Are the variables primarily numeric?","HAS_CHILD","yes","4:5d775a18-efe2-4213-a23a-35ad95abc8c4:167","TreeNode","86ad7411-058e-4fd5-b7bf-eb1f820cdcd5","action","Calculate Pearson/Spearman correlation and generate scatter plots."
"4:5d775a18-efe2-4213-a23a-35ad95abc8c4:165","TreeNode","831a0bc0-bf17-4b32-9853-fc8713eab61d","decision_point","Are the variables primarily numeric?","HAS_CHILD","no","4:5d775a18-efe2-4213-a23a-35ad95abc8c4:168","TreeNode","9c204285-9e6c-4250-9484-1648af2afa14","action","Perform cross-tabulations and Chi-square tests for independence."
"4:5d775a18-efe2-4213-a23a-35ad95abc8c4:170","TreeNode","5d9fc8ab-d627-426b-b5e1-58c3e638d3b1","decision_point","Do you need to check for missing values or outliers?","HAS_CHILD","yes","4:5d775a18-efe2-4213-a23a-35ad95abc8c4:171","TreeNode","5665d1f4-f98c-439f-87c0-bfc0b4d559e2","action","Calculate missing value percentages and generate boxplots for outlier detection."
"4:5d775a18-efe2-4213-a23a-35ad95abc8c4:170","TreeNode","5d9fc8ab-d627-426b-b5e1-58c3e638d3b1","decision_point","Do you need to check for missing values or outliers?","HAS_CHILD","no","4:5d775a18-efe2-4213-a23a-35ad95abc8c4:174","TreeNode","bff51b90-5b26-4348-89a2-d050fd13f1e4","decision_point","Do you need to analyze the target variable distribution?"
"4:5d775a18-efe2-4213-a23a-35ad95abc8c4:174","TreeNode","bff51b90-5b26-4348-89a2-d050fd13f1e4","decision_point","Do you need to analyze the target variable distribution?","HAS_CHILD","yes","4:5d775a18-efe2-4213-a23a-35ad95abc8c4:175","TreeNode","b1bdceb9-58d7-44c8-8f85-60ee1fcaea5b","action","Perform target variable analysis (e.g., check for class imbalance or skewness)."
"4:5d775a18-efe2-4213-a23a-35ad95abc8c4:174","TreeNode","bff51b90-5b26-4348-89a2-d050fd13f1e4","decision_point","Do you need to analyze the target variable distribution?","HAS_CHILD","no","4:5d775a18-efe2-4213-a23a-35ad95abc8c4:176","TreeNode","4d97a71c-5dcd-44c3-83ae-77c29f3816c6","action","Proceed to the next stage of the Data Science process (e.g., Feature Engineering or Modeling)."
"4:5d775a18-efe2-4213-a23a-35ad95abc8c4:177","TreeNode","d82f99b2-ad8a-42c1-8874-8e91775c15e8","decision_point","Are the variables normally distributed?","HAS_CHILD","yes","4:5d775a18-efe2-4213-a23a-35ad95abc8c4:180","TreeNode","743e13e7-1123-44f2-aac8-ba35fd9f60fc","category","Parametric Statistical Tests"
"4:5d775a18-efe2-4213-a23a-35ad95abc8c4:177","TreeNode","d82f99b2-ad8a-42c1-8874-8e91775c15e8","decision_point","Are the variables normally distributed?","HAS_CHILD","no","4:5d775a18-efe2-4213-a23a-35ad95abc8c4:181","TreeNode","c0c63251-cb96-4d53-b126-b0d641f9af54","category","Non-Parametric Statistical Tests"
"4:5d775a18-efe2-4213-a23a-35ad95abc8c4:180","TreeNode","743e13e7-1123-44f2-aac8-ba35fd9f60fc","category","Parametric Statistical Tests","HAS_CHILD","scope","4:5d775a18-efe2-4213-a23a-35ad95abc8c4:182","TreeNode","1bf277cc-19d9-4f2b-b0f6-a94c3c697759","decision_point","Are you comparing two groups?"
"4:5d775a18-efe2-4213-a23a-35ad95abc8c4:180","TreeNode","743e13e7-1123-44f2-aac8-ba35fd9f60fc","category","Parametric Statistical Tests","HAS_CHILD","scope","4:5d775a18-efe2-4213-a23a-35ad95abc8c4:183","TreeNode","8a3f1d30-a38c-4efb-a4be-445427311c5a","decision_point","Are you comparing three or more groups?"
"4:5d775a18-efe2-4213-a23a-35ad95abc8c4:180","TreeNode","743e13e7-1123-44f2-aac8-ba35fd9f60fc","category","Parametric Statistical Tests","HAS_CHILD","scope","4:5d775a18-efe2-4213-a23a-35ad95abc8c4:184","TreeNode","c1f747ab-9779-4b1a-b319-a10b02f00130","decision_point","Are you comparing a single group to a known population mean?"
"4:5d775a18-efe2-4213-a23a-35ad95abc8c4:182","TreeNode","1bf277cc-19d9-4f2b-b0f6-a94c3c697759","decision_point","Are you comparing two groups?","HAS_CHILD","yes","4:5d775a18-efe2-4213-a23a-35ad95abc8c4:185","TreeNode","d9537ced-6342-4781-a2c1-93c6558b88f6","decision_point","Are the groups independent?"
"4:5d775a18-efe2-4213-a23a-35ad95abc8c4:182","TreeNode","1bf277cc-19d9-4f2b-b0f6-a94c3c697759","decision_point","Are you comparing two groups?","HAS_CHILD","no","4:5d775a18-efe2-4213-a23a-35ad95abc8c4:186","TreeNode","e75f4c14-2e74-4d06-87fd-999979b073bd","decision_point","Are there more than two groups?"
"4:5d775a18-efe2-4213-a23a-35ad95abc8c4:185","TreeNode","d9537ced-6342-4781-a2c1-93c6558b88f6","decision_point","Are the groups independent?","HAS_CHILD","yes","4:5d775a18-efe2-4213-a23a-35ad95abc8c4:187","TreeNode","e957db93-e7b0-46f2-a765-169af16c1857","action","Perform an Independent Samples t-test"
"4:5d775a18-efe2-4213-a23a-35ad95abc8c4:185","TreeNode","d9537ced-6342-4781-a2c1-93c6558b88f6","decision_point","Are the groups independent?","HAS_CHILD","no","4:5d775a18-efe2-4213-a23a-35ad95abc8c4:188","TreeNode","991d77f2-5fb0-4097-8f9f-daa33fd2ee12","action","Perform a Paired Samples t-test"
"4:5d775a18-efe2-4213-a23a-35ad95abc8c4:186","TreeNode","e75f4c14-2e74-4d06-87fd-999979b073bd","decision_point","Are there more than two groups?","HAS_CHILD","yes","4:5d775a18-efe2-4213-a23a-35ad95abc8c4:189","TreeNode","cd987468-bfaf-4e5c-9342-f89977f50d21","action","Perform ANOVA (Analysis of Variance)"
"4:5d775a18-efe2-4213-a23a-35ad95abc8c4:0","TreeNode","51052745-0112-45e9-864a-12c905aeaaff","decision_point","Are you comparing two different groups?","HAS_CHILD","yes","4:5d775a18-efe2-4213-a23a-35ad95abc8c4:1","TreeNode","9f35ad07-3203-4ac3-b43a-225a51bd3f5f","action","Perform a T-test to compare the means of the two groups."
"4:5d775a18-efe2-4213-a23a-35ad95abc8c4:0","TreeNode","51052745-0112-45e9-864a-12c905aeaaff","decision_point","Are you comparing two different groups?","HAS_CHILD","no","4:5d775a18-efe2-4213-a23a-35ad95abc8c4:2","TreeNode","ab867aa1-f2be-48fc-87f0-e930b7961a9d","action","Perform an ANOVA to compare means across three or more groups."
"4:5d775a18-efe2-4213-a23a-35ad95abc8c4:3","TreeNode","2e5f04a0-604f-4f49-9f52-7611e7defc80","decision_point","Are you comparing two groups?","HAS_CHILD","yes","4:5d775a18-efe2-4213-a23a-35ad95abc8c4:6","TreeNode","8dbb1469-90e2-44d4-a9ef-1bec0d833356","decision_point","Are the samples paired or dependent?"
"4:5d775a18-efe2-4213-a23a-35ad95abc8c4:3","TreeNode","2e5f04a0-604f-4f49-9f52-7611e7defc80","decision_point","Are you comparing two groups?","HAS_CHILD","no","4:5d775a18-efe2-4213-a23a-35ad95abc8c4:7","TreeNode","174abb42-fd0c-435f-886a-d08fe2c2bd51","decision_point","Are you comparing three or more groups?"
"4:5d775a18-efe2-4213-a23a-35ad95abc8c4:4","TreeNode","b06193a1-c467-473e-b206-812c233b14f0","decision_point","Are you comparing three or more groups?","HAS_CHILD","yes","4:5d775a18-efe2-4213-a23a-35ad95abc8c4:12","TreeNode","83c174a3-1620-416c-84ea-43f4d7a159d3","action","Perform Kruskal-Wallis H Test"
"4:5d775a18-efe2-4213-a23a-35ad95abc8c4:4","TreeNode","b06193a1-c467-473e-b206-812c233b14f0","decision_point","Are you comparing three or more groups?","HAS_CHILD","no","4:5d775a18-efe2-4213-a23a-35ad95abc8c4:13","TreeNode","1502110f-a0cc-4422-b781-957214d1c1cd","decision_point","Are the samples independent?"
"4:5d775a18-efe2-4213-a23a-35ad95abc8c4:5","TreeNode","a4c0f245-f058-4fbc-8b10-41b5375365fb","decision_point","Are you analyzing the correlation between variables?","HAS_CHILD","yes","4:5d775a18-efe2-4213-a23a-35ad95abc8c4:16","TreeNode","ac24faf2-0c0e-4d32-be78-7b298af8f07a","action","Calculate Spearman's Rank Correlation Coefficient"
"4:5d775a18-efe2-4213-a23a-35ad95abc8c4:5","TreeNode","a4c0f245-f058-4fbc-8b10-41b5375365fb","decision_point","Are you analyzing the correlation between variables?","HAS_CHILD","no","4:5d775a18-efe2-4213-a23a-35ad95abc8c4:17","TreeNode","998df06e-6ca0-4ce8-9540-94c03b0c1d3f","decision_point","Are you comparing two independent groups?"
"4:5d775a18-efe2-4213-a23a-35ad95abc8c4:6","TreeNode","8dbb1469-90e2-44d4-a9ef-1bec0d833356","decision_point","Are the samples paired or dependent?","HAS_CHILD","yes","4:5d775a18-efe2-4213-a23a-35ad95abc8c4:8","TreeNode","513b7597-693f-4261-a071-e3b6b8191653","action","Perform Wilcoxon Signed-Rank Test"
"4:5d775a18-efe2-4213-a23a-35ad95abc8c4:6","TreeNode","8dbb1469-90e2-44d4-a9ef-1bec0d833356","decision_point","Are the samples paired or dependent?","HAS_CHILD","no","4:5d775a18-efe2-4213-a23a-35ad95abc8c4:9","TreeNode","ad167f35-9a09-4cff-88e6-f1cfc1173cf7","action","Perform Mann-Whitney U Test"
"4:5d775a18-efe2-4213-a23a-35ad95abc8c4:7","TreeNode","174abb42-fd0c-435f-886a-d08fe2c2bd51","decision_point","Are you comparing three or more groups?","HAS_CHILD","yes","4:5d775a18-efe2-4213-a23a-35ad95abc8c4:10","TreeNode","525c97f6-ff9a-4d2f-a362-0fb4fa4fe906","action","Perform a Kruskal-Wallis H Test"
"4:5d775a18-efe2-4213-a23a-35ad95abc8c4:7","TreeNode","174abb42-fd0c-435f-886a-d08fe2c2bd51","decision_point","Are you comparing three or more groups?","HAS_CHILD","no","4:5d775a18-efe2-4213-a23a-35ad95abc8c4:11","TreeNode","73a548de-0dca-4321-98d7-95b888b75775","action","Perform a One-Sample Wilcoxon Signed-Rank Test or Spearman Rank Correlation"
"4:5d775a18-efe2-4213-a23a-35ad95abc8c4:13","TreeNode","1502110f-a0cc-4422-b781-957214d1c1cd","decision_point","Are the samples independent?","HAS_CHILD","yes","4:5d775a18-efe2-4213-a23a-35ad95abc8c4:14","TreeNode","24fb8236-da97-4e81-92cf-74dcc414531e","action","Perform Mann-Whitney U Test"
"4:5d775a18-efe2-4213-a23a-35ad95abc8c4:13","TreeNode","1502110f-a0cc-4422-b781-957214d1c1cd","decision_point","Are the samples independent?","HAS_CHILD","no","4:5d775a18-efe2-4213-a23a-35ad95abc8c4:15","TreeNode","cb7cbb14-8166-45c1-a89c-74691e0de59c","action","Perform Wilcoxon Signed-Rank Test"
"4:5d775a18-efe2-4213-a23a-35ad95abc8c4:17","TreeNode","998df06e-6ca0-4ce8-9540-94c03b0c1d3f","decision_point","Are you comparing two independent groups?","HAS_CHILD","yes","4:5d775a18-efe2-4213-a23a-35ad95abc8c4:18","TreeNode","ea162cd5-84d3-4622-b6d7-2275b0058501","action","Perform Mann-Whitney U test"
"4:5d775a18-efe2-4213-a23a-35ad95abc8c4:17","TreeNode","998df06e-6ca0-4ce8-9540-94c03b0c1d3f","decision_point","Are you comparing two independent groups?","HAS_CHILD","no","4:5d775a18-efe2-4213-a23a-35ad95abc8c4:19","TreeNode","f3d34c82-a3f5-443d-900f-50a5be05a38c","action","Perform Kruskal-Wallis test (for 3+ independent groups) or Wilcoxon Signed-Rank test (for paired samples)"
"4:5d775a18-efe2-4213-a23a-35ad95abc8c4:20","TreeNode","088b6850-a78a-42d9-8f3c-f720ed50f904","decision_point","Are the samples independent?","HAS_CHILD","yes","4:5d775a18-efe2-4213-a23a-35ad95abc8c4:23","TreeNode","92872192-9178-4d89-ad34-2ece870436d4","action","Perform Independent Samples T-Test"
"4:5d775a18-efe2-4213-a23a-35ad95abc8c4:20","TreeNode","088b6850-a78a-42d9-8f3c-f720ed50f904","decision_point","Are the samples independent?","HAS_CHILD","no","4:5d775a18-efe2-4213-a23a-35ad95abc8c4:24","TreeNode","55ff6a59-d834-4bcc-a329-aa8e4b77bcb1","action","Perform Paired Samples T-Test"
"4:5d775a18-efe2-4213-a23a-35ad95abc8c4:21","TreeNode","8c797f79-540f-42c8-8341-fc927e1b7f4b","decision_point","Is there more than one independent variable?","HAS_CHILD","yes","4:5d775a18-efe2-4213-a23a-35ad95abc8c4:25","TreeNode","4af5ce17-6f09-4967-88b2-6d43b3461e2d","action","Perform a Factorial ANOVA"
"4:5d775a18-efe2-4213-a23a-35ad95abc8c4:21","TreeNode","8c797f79-540f-42c8-8341-fc927e1b7f4b","decision_point","Is there more than one independent variable?","HAS_CHILD","no","4:5d775a18-efe2-4213-a23a-35ad95abc8c4:26","TreeNode","aef457ef-09dd-4b0a-8e80-3b34936d37a2","action","Perform a One-Way ANOVA"
"4:5d775a18-efe2-4213-a23a-35ad95abc8c4:27","TreeNode","4b5d3941-5689-4d3e-bdba-b24a48be2c24","decision_point","Are the samples independent?","HAS_CHILD","yes","4:5d775a18-efe2-4213-a23a-35ad95abc8c4:29","TreeNode","891d1891-684c-4ed8-b923-16dfbb648363","decision_point","Are there more than two groups?"
"4:5d775a18-efe2-4213-a23a-35ad95abc8c4:27","TreeNode","4b5d3941-5689-4d3e-bdba-b24a48be2c24","decision_point","Are the samples independent?","HAS_CHILD","no","4:5d775a18-efe2-4213-a23a-35ad95abc8c4:30","TreeNode","5521e88e-89e6-44c0-af91-960a7279bb41","decision_point","Are there more than two measurements per subject?"
"4:5d775a18-efe2-4213-a23a-35ad95abc8c4:28","TreeNode","e161fb35-f7b0-414d-aacb-5506768e8c52","decision_point","Are there more than two groups to compare?","HAS_CHILD","no","4:5d775a18-efe2-4213-a23a-35ad95abc8c4:35","TreeNode","565076e5-8e71-4b89-b9cc-5b15bf8f5e6a","action","Perform Mann-Whitney U Test"
"4:5d775a18-efe2-4213-a23a-35ad95abc8c4:28","TreeNode","e161fb35-f7b0-414d-aacb-5506768e8c52","decision_point","Are there more than two groups to compare?","HAS_CHILD","yes","4:5d775a18-efe2-4213-a23a-35ad95abc8c4:36","TreeNode","4360517a-b133-4ac3-a240-05a531c48dec","action","Perform Kruskal-Wallis Test"
"4:5d775a18-efe2-4213-a23a-35ad95abc8c4:29","TreeNode","891d1891-684c-4ed8-b923-16dfbb648363","decision_point","Are there more than two groups?","HAS_CHILD","yes","4:5d775a18-efe2-4213-a23a-35ad95abc8c4:31","TreeNode","a3cac66a-2303-41f7-9dd9-437cbaa63d53","action","Perform Kruskal-Wallis H test"
"4:5d775a18-efe2-4213-a23a-35ad95abc8c4:29","TreeNode","891d1891-684c-4ed8-b923-16dfbb648363","decision_point","Are there more than two groups?","HAS_CHILD","no","4:5d775a18-efe2-4213-a23a-35ad95abc8c4:32","TreeNode","82205a58-32d6-40a6-ae1b-5f97807e3933","action","Perform Mann-Whitney U test"
"4:5d775a18-efe2-4213-a23a-35ad95abc8c4:30","TreeNode","5521e88e-89e6-44c0-af91-960a7279bb41","decision_point","Are there more than two measurements per subject?","HAS_CHILD","no","4:5d775a18-efe2-4213-a23a-35ad95abc8c4:33","TreeNode","d923c222-9bfc-4fd6-be63-2e6c6afbb570","action","Perform Wilcoxon Signed-Rank Test"
"4:5d775a18-efe2-4213-a23a-35ad95abc8c4:30","TreeNode","5521e88e-89e6-44c0-af91-960a7279bb41","decision_point","Are there more than two measurements per subject?","HAS_CHILD","yes","4:5d775a18-efe2-4213-a23a-35ad95abc8c4:34","TreeNode","8633fa8e-1015-431f-9bcc-741dfd390ab7","action","Perform Friedman Test"
"4:5d775a18-efe2-4213-a23a-35ad95abc8c4:37","TreeNode","33d54584-179e-4311-9fa7-cf01f719a0d5","category","Regression","HAS_CHILD","subcategory","4:5d775a18-efe2-4213-a23a-35ad95abc8c4:39","TreeNode","02708f3e-fb21-407c-ae6c-986331415600","category","Linear Regression"
"4:5d775a18-efe2-4213-a23a-35ad95abc8c4:37","TreeNode","33d54584-179e-4311-9fa7-cf01f719a0d5","category","Regression","HAS_CHILD","subcategory","4:5d775a18-efe2-4213-a23a-35ad95abc8c4:40","TreeNode","5263c503-e5f8-4abc-b309-16996d8d0dd3","category","Non-Linear Regression"
"4:5d775a18-efe2-4213-a23a-35ad95abc8c4:37","TreeNode","33d54584-179e-4311-9fa7-cf01f719a0d5","category","Regression","HAS_CHILD","subcategory","4:5d775a18-efe2-4213-a23a-35ad95abc8c4:41","TreeNode","0104c931-d3c6-4457-a4e4-8f941b18c412","category","Regularized Regression (Lasso/Ridge)"
"4:5d775a18-efe2-4213-a23a-35ad95abc8c4:38","TreeNode","cb9ea090-bf38-451f-8e7a-51b328238d66","category","Classification","HAS_CHILD","subcategory","4:5d775a18-efe2-4213-a23a-35ad95abc8c4:59","TreeNode","65dad8d3-e0e5-4d1e-9c55-bef7b2ff2e08","decision_point","Is the target variable binary (i.e., does it have only two possible classes)?"
"4:5d775a18-efe2-4213-a23a-35ad95abc8c4:38","TreeNode","cb9ea090-bf38-451f-8e7a-51b328238d66","category","Classification","HAS_CHILD","yes","4:5d775a18-efe2-4213-a23a-35ad95abc8c4:60","TreeNode","10605b45-ead1-40f8-9bd2-b7a46a69f7c8","category","Binary Classification"
"4:5d775a18-efe2-4213-a23a-35ad95abc8c4:38","TreeNode","cb9ea090-bf38-451f-8e7a-51b328238d66","category","Classification","HAS_CHILD","no","4:5d775a18-efe2-4213-a23a-35ad95abc8c4:61","TreeNode","3085f109-6fce-44ea-8e54-c1cf3614f150","category","Multi-class Classification"
"4:5d775a18-efe2-4213-a23a-35ad95abc8c4:39","TreeNode","02708f3e-fb21-407c-ae6c-986331415600","category","Linear Regression","HAS_CHILD","validation","4:5d775a18-efe2-4213-a23a-35ad95abc8c4:42","TreeNode","29096701-eaef-45fd-90ba-d44097a5c949","decision_point","Are the regression assumptions (linearity, normality, and homoscedasticity) met?"
"4:5d775a18-efe2-4213-a23a-35ad95abc8c4:39","TreeNode","02708f3e-fb21-407c-ae6c-986331415600","category","Linear Regression","HAS_CHILD","no","4:5d775a18-efe2-4213-a23a-35ad95abc8c4:43","TreeNode","2aff6cba-69ce-42b9-b7ce-4cfdb85ea793","action","Apply data transformations (e.g., log, Box-Cox) or explore non-linear models."
"4:5d775a18-efe2-4213-a23a-35ad95abc8c4:39","TreeNode","02708f3e-fb21-407c-ae6c-986331415600","category","Linear Regression","HAS_CHILD","yes","4:5d775a18-efe2-4213-a23a-35ad95abc8c4:44","TreeNode","a6711fad-dac1-456b-931b-1ed488542b88","action","Fit the linear regression model and evaluate performance using R-squared and RMSE."
"4:5d775a18-efe2-4213-a23a-35ad95abc8c4:40","TreeNode","5263c503-e5f8-4abc-b309-16996d8d0dd3","category","Non-Linear Regression","HAS_CHILD","analysis","4:5d775a18-efe2-4213-a23a-35ad95abc8c4:49","TreeNode","86cf5e07-d492-4de9-9d00-31cc723f643e","decision_point","Is there a predefined theoretical functional form for the relationship (e.g., exponential, logistic)?"
"4:5d775a18-efe2-4213-a23a-35ad95abc8c4:41","TreeNode","0104c931-d3c6-4457-a4e4-8f941b18c412","category","Regularized Regression (Lasso/Ridge)","HAS_CHILD","Sparsity/Feature Selection required","4:5d775a18-efe2-4213-a23a-35ad95abc8c4:56","TreeNode","a66f9f55-e70f-41ba-bd26-b06ee3164c5e","action","Apply Lasso Regression (L1)"
"4:5d775a18-efe2-4213-a23a-35ad95abc8c4:41","TreeNode","0104c931-d3c6-4457-a4e4-8f941b18c412","category","Regularized Regression (Lasso/Ridge)","HAS_CHILD","Multicollinearity reduction required","4:5d775a18-efe2-4213-a23a-35ad95abc8c4:57","TreeNode","66e83a41-454c-4b22-9ba5-0956d5255a8d","action","Apply Ridge Regression (L2)"
"4:5d775a18-efe2-4213-a23a-35ad95abc8c4:41","TreeNode","0104c931-d3c6-4457-a4e4-8f941b18c412","category","Regularized Regression (Lasso/Ridge)","HAS_CHILD","Combination of L1 and L2 required","4:5d775a18-efe2-4213-a23a-35ad95abc8c4:58","TreeNode","c528f5f0-0510-4df2-914b-b116020e1cc9","action","Apply Elastic Net Regression"
"4:5d775a18-efe2-4213-a23a-35ad95abc8c4:42","TreeNode","29096701-eaef-45fd-90ba-d44097a5c949","decision_point","Are the regression assumptions (linearity, normality, and homoscedasticity) met?","HAS_CHILD","yes","4:5d775a18-efe2-4213-a23a-35ad95abc8c4:45","TreeNode","9e90770d-7877-4fd3-819b-59f7ac06af20","action","Proceed to evaluate model performance using metrics like R-squared, MAE, and RMSE."
"4:5d775a18-efe2-4213-a23a-35ad95abc8c4:42","TreeNode","29096701-eaef-45fd-90ba-d44097a5c949","decision_point","Are the regression assumptions (linearity, normality, and homoscedasticity) met?","HAS_CHILD","no","4:5d775a18-efe2-4213-a23a-35ad95abc8c4:46","TreeNode","78c99651-db6e-47d0-acfb-7724be2bef7d","decision_point","Can data transformations (e.g., log transform) or outlier removal resolve the assumption violations?"
"4:5d775a18-efe2-4213-a23a-35ad95abc8c4:46","TreeNode","78c99651-db6e-47d0-acfb-7724be2bef7d","decision_point","Can data transformations (e.g., log transform) or outlier removal resolve the assumption violations?","HAS_CHILD","yes","4:5d775a18-efe2-4213-a23a-35ad95abc8c4:47","TreeNode","8f5fe2b9-18ee-4f4b-bf86-b84d1e3811f4","action","Apply the identified transformations or remove outliers and re-verify the regression assumptions."
"4:5d775a18-efe2-4213-a23a-35ad95abc8c4:46","TreeNode","78c99651-db6e-47d0-acfb-7724be2bef7d","decision_point","Can data transformations (e.g., log transform) or outlier removal resolve the assumption violations?","HAS_CHILD","no","4:5d775a18-efe2-4213-a23a-35ad95abc8c4:48","TreeNode","a524fe93-2687-48e3-89df-c5a07afa68a9","action","Switch to a non-linear or non-parametric model (e.g., Random Forest, Support Vector Regression, or GLM) that does not rely on these assumptions."
"4:5d775a18-efe2-4213-a23a-35ad95abc8c4:49","TreeNode","86cf5e07-d492-4de9-9d00-31cc723f643e","decision_point","Is there a predefined theoretical functional form for the relationship (e.g., exponential, logistic)?","HAS_CHILD","yes","4:5d775a18-efe2-4213-a23a-35ad95abc8c4:50","TreeNode","d9714242-f088-47c6-9439-f715a4e275dc","action","Apply the specific theoretical functional form and estimate parameters using non-linear least squares (NLS) or maximum likelihood estimation (MLE)."
"4:5d775a18-efe2-4213-a23a-35ad95abc8c4:49","TreeNode","86cf5e07-d492-4de9-9d00-31cc723f643e","decision_point","Is there a predefined theoretical functional form for the relationship (e.g., exponential, logistic)?","HAS_CHILD","no","4:5d775a18-efe2-4213-a23a-35ad95abc8c4:51","TreeNode","016b9895-00c5-4e9e-8f8a-f5327629dfbd","decision_point","Is a flexible parametric approach (e.g., Polynomial Regression) sufficient for the data's curvature?"
"4:5d775a18-efe2-4213-a23a-35ad95abc8c4:51","TreeNode","016b9895-00c5-4e9e-8f8a-f5327629dfbd","decision_point","Is a flexible parametric approach (e.g., Polynomial Regression) sufficient for the data's curvature?","HAS_CHILD","yes","4:5d775a18-efe2-4213-a23a-35ad95abc8c4:52","TreeNode","12819e57-4fcb-40f9-9112-74905f347387","action","Apply Polynomial Regression and optimize the degree using cross-validation."
"4:5d775a18-efe2-4213-a23a-35ad95abc8c4:51","TreeNode","016b9895-00c5-4e9e-8f8a-f5327629dfbd","decision_point","Is a flexible parametric approach (e.g., Polynomial Regression) sufficient for the data's curvature?","HAS_CHILD","no","4:5d775a18-efe2-4213-a23a-35ad95abc8c4:53","TreeNode","6770f6ce-825f-489a-9997-857ede24789f","decision_point","Do the data exhibit local variations that require a piece-wise smooth approach (e.g., Splines or GAMs)?"
"4:5d775a18-efe2-4213-a23a-35ad95abc8c4:53","TreeNode","6770f6ce-825f-489a-9997-857ede24789f","decision_point","Do the data exhibit local variations that require a piece-wise smooth approach (e.g., Splines or GAMs)?","HAS_CHILD","yes","4:5d775a18-efe2-4213-a23a-35ad95abc8c4:54","TreeNode","bf5d9d2b-e168-4cbd-aaab-36075cb54258","action","Apply Splines or Generalized Additive Models (GAMs)"
"4:5d775a18-efe2-4213-a23a-35ad95abc8c4:53","TreeNode","6770f6ce-825f-489a-9997-857ede24789f","decision_point","Do the data exhibit local variations that require a piece-wise smooth approach (e.g., Splines or GAMs)?","HAS_CHILD","no","4:5d775a18-efe2-4213-a23a-35ad95abc8c4:55","TreeNode","bd095c9c-9dcf-4b3b-9aeb-a21a893daf82","action","Explore Non-Parametric Regression methods (e.g., Gaussian Processes, Random Forest Regression)"
"4:5d775a18-efe2-4213-a23a-35ad95abc8c4:158","TreeNode","d46ad53e-1223-4bee-bfb7-21de245de50e","category","Predictive Modeling","HAS_CHILD","subcategory","4:5d775a18-efe2-4213-a23a-35ad95abc8c4:37","TreeNode","33d54584-179e-4311-9fa7-cf01f719a0d5","category","Regression"
"4:5d775a18-efe2-4213-a23a-35ad95abc8c4:158","TreeNode","d46ad53e-1223-4bee-bfb7-21de245de50e","category","Predictive Modeling","HAS_CHILD","subcategory","4:5d775a18-efe2-4213-a23a-35ad95abc8c4:38","TreeNode","cb9ea090-bf38-451f-8e7a-51b328238d66","category","Classification"
"4:5d775a18-efe2-4213-a23a-35ad95abc8c4:178","TreeNode","6d139b6c-480c-4891-a8ee-02aeb7ad2134","category","Parametric Tests (e.g., t-test, ANOVA)","HAS_CHILD","comparing 2 groups","4:5d775a18-efe2-4213-a23a-35ad95abc8c4:20","TreeNode","088b6850-a78a-42d9-8f3c-f720ed50f904","decision_point","Are the samples independent?"
"4:5d775a18-efe2-4213-a23a-35ad95abc8c4:178","TreeNode","6d139b6c-480c-4891-a8ee-02aeb7ad2134","category","Parametric Tests (e.g., t-test, ANOVA)","HAS_CHILD","comparing 3+ groups","4:5d775a18-efe2-4213-a23a-35ad95abc8c4:21","TreeNode","8c797f79-540f-42c8-8341-fc927e1b7f4b","decision_point","Is there more than one independent variable?"
"4:5d775a18-efe2-4213-a23a-35ad95abc8c4:178","TreeNode","6d139b6c-480c-4891-a8ee-02aeb7ad2134","category","Parametric Tests (e.g., t-test, ANOVA)","HAS_CHILD","analyzing correlation","4:5d775a18-efe2-4213-a23a-35ad95abc8c4:22","TreeNode","3e962865-6ca0-457a-8cd9-574fdb01b0dc","action","Perform Pearson Correlation"
"4:5d775a18-efe2-4213-a23a-35ad95abc8c4:179","TreeNode","2b329a39-e134-4607-bc41-effe6f96e6f1","category","Non-parametric Tests (e.g., Mann-Whitney U, Kruskal-Wallis)","HAS_CHILD","filter","4:5d775a18-efe2-4213-a23a-35ad95abc8c4:27","TreeNode","4b5d3941-5689-4d3e-bdba-b24a48be2c24","decision_point","Are the samples independent?"
"4:5d775a18-efe2-4213-a23a-35ad95abc8c4:179","TreeNode","2b329a39-e134-4607-bc41-effe6f96e6f1","category","Non-parametric Tests (e.g., Mann-Whitney U, Kruskal-Wallis)","HAS_CHILD","filter","4:5d775a18-efe2-4213-a23a-35ad95abc8c4:28","TreeNode","e161fb35-f7b0-414d-aacb-5506768e8c52","decision_point","Are there more than two groups to compare?"
"4:5d775a18-efe2-4213-a23a-35ad95abc8c4:181","TreeNode","c0c63251-cb96-4d53-b126-b0d641f9af54","category","Non-Parametric Statistical Tests","HAS_CHILD","option","4:5d775a18-efe2-4213-a23a-35ad95abc8c4:3","TreeNode","2e5f04a0-604f-4f49-9f52-7611e7defc80","decision_point","Are you comparing two groups?"
"4:5d775a18-efe2-4213-a23a-35ad95abc8c4:181","TreeNode","c0c63251-cb96-4d53-b126-b0d641f9af54","category","Non-Parametric Statistical Tests","HAS_CHILD","option","4:5d775a18-efe2-4213-a23a-35ad95abc8c4:4","TreeNode","b06193a1-c467-473e-b206-812c233b14f0","decision_point","Are you comparing three or more groups?"
"4:5d775a18-efe2-4213-a23a-35ad95abc8c4:181","TreeNode","c0c63251-cb96-4d53-b126-b0d641f9af54","category","Non-Parametric Statistical Tests","HAS_CHILD","option","4:5d775a18-efe2-4213-a23a-35ad95abc8c4:5","TreeNode","a4c0f245-f058-4fbc-8b10-41b5375365fb","decision_point","Are you analyzing the correlation between variables?"
"4:5d775a18-efe2-4213-a23a-35ad95abc8c4:183","TreeNode","8a3f1d30-a38c-4efb-a4be-445427311c5a","decision_point","Are you comparing three or more groups?","HAS_CHILD","yes","4:5d775a18-efe2-4213-a23a-35ad95abc8c4:191","TreeNode","bae57ac8-b836-48cb-af6e-2c2df731d979","action","Perform ANOVA"
"4:5d775a18-efe2-4213-a23a-35ad95abc8c4:183","TreeNode","8a3f1d30-a38c-4efb-a4be-445427311c5a","decision_point","Are you comparing three or more groups?","HAS_CHILD","no","4:5d775a18-efe2-4213-a23a-35ad95abc8c4:192","TreeNode","e28fc930-531c-4a0c-9ec1-c4c1c106b776","decision_point","Are the samples independent?"
"4:5d775a18-efe2-4213-a23a-35ad95abc8c4:184","TreeNode","c1f747ab-9779-4b1a-b319-a10b02f00130","decision_point","Are you comparing a single group to a known population mean?","HAS_CHILD","no","4:5d775a18-efe2-4213-a23a-35ad95abc8c4:0","TreeNode","51052745-0112-45e9-864a-12c905aeaaff","decision_point","Are you comparing two different groups?"
"4:5d775a18-efe2-4213-a23a-35ad95abc8c4:184","TreeNode","c1f747ab-9779-4b1a-b319-a10b02f00130","decision_point","Are you comparing a single group to a known population mean?","HAS_CHILD","yes","4:5d775a18-efe2-4213-a23a-35ad95abc8c4:254","TreeNode","1223d1f5-e63f-4938-93d9-b2355e43c8b4","action","Perform a One-Sample t-test"
"4:5d775a18-efe2-4213-a23a-35ad95abc8c4:186","TreeNode","e75f4c14-2e74-4d06-87fd-999979b073bd","decision_point","Are there more than two groups?","HAS_CHILD","no","4:5d775a18-efe2-4213-a23a-35ad95abc8c4:190","TreeNode","35bf5ae7-9eab-4760-aaa9-65cc51ef2774","action","Re-evaluate analysis objective or check data for group definitions"
"4:5d775a18-efe2-4213-a23a-35ad95abc8c4:192","TreeNode","e28fc930-531c-4a0c-9ec1-c4c1c106b776","decision_point","Are the samples independent?","HAS_CHILD","yes","4:5d775a18-efe2-4213-a23a-35ad95abc8c4:252","TreeNode","6c6f9dec-b8f9-4fb3-961e-f65c3f30076d","action","Perform Independent Samples t-test"
"4:5d775a18-efe2-4213-a23a-35ad95abc8c4:192","TreeNode","e28fc930-531c-4a0c-9ec1-c4c1c106b776","decision_point","Are the samples independent?","HAS_CHILD","no","4:5d775a18-efe2-4213-a23a-35ad95abc8c4:253","TreeNode","8e7da27c-0172-4c88-a7e1-0e668e58d69b","action","Perform Paired Samples t-test"